idrift,sync1
-4,-0.040287
-3,-0.025840
-2,0.100484
-1,0.222578
0,0.414969
1,0.301321
2,0.194586
3,0.040427
4,-0.082957
